Area,Item,Year,Area harvested,Yield
Botswana,Cabbages and other brassicas,1961,0,0
Botswana,Cabbages and other brassicas,1962,0,0
Botswana,Cabbages and other brassicas,1963,0,0
Botswana,Cabbages and other brassicas,1964,0,0
Botswana,Cabbages and other brassicas,1965,0,0
Botswana,Cabbages and other brassicas,1966,0,0
Botswana,Cabbages and other brassicas,1967,0,0
Botswana,Cabbages and other brassicas,1968,0,0
Botswana,Cabbages and other brassicas,1969,0,0
Botswana,Cabbages and other brassicas,1970,0,0
Botswana,Cabbages and other brassicas,1971,0,0
Botswana,Cabbages and other brassicas,1972,0,0
Botswana,Cabbages and other brassicas,1973,0,0
Botswana,Cabbages and other brassicas,1974,0,0
Botswana,Cabbages and other brassicas,1975,0,0
Botswana,Cabbages and other brassicas,1976,0,0
Botswana,Cabbages and other brassicas,1977,0,0
Botswana,Cabbages and other brassicas,1978,0,0
Botswana,Cabbages and other brassicas,1979,0,0
Botswana,Cabbages and other brassicas,1980,0,0
Botswana,Cabbages and other brassicas,1981,0,0
Botswana,Cabbages and other brassicas,1982,0,0
Botswana,Cabbages and other brassicas,1983,0,0
Botswana,Cabbages and other brassicas,1984,0,0
Botswana,Cabbages and other brassicas,1985,0,0
Botswana,Cabbages and other brassicas,1986,0,0
Botswana,Cabbages and other brassicas,1987,0,0
Botswana,Cabbages and other brassicas,1988,0,0
Botswana,Cabbages and other brassicas,1989,0,0
Botswana,Cabbages and other brassicas,1990,0,0
Botswana,Cabbages and other brassicas,1991,0,0
Botswana,Cabbages and other brassicas,1992,0,0
Botswana,Cabbages and other brassicas,1993,0,0
Botswana,Cabbages and other brassicas,1994,0,0
Botswana,Cabbages and other brassicas,1995,0,0
Botswana,Cabbages and other brassicas,1996,0,0
Botswana,Cabbages and other brassicas,1997,0,0
Botswana,Cabbages and other brassicas,1998,0,0
Botswana,Cabbages and other brassicas,1999,0,0
Botswana,Cabbages and other brassicas,2000,0,0
Botswana,Cabbages and other brassicas,2001,0,0
Botswana,Cabbages and other brassicas,2002,0,0
Botswana,Cabbages and other brassicas,2003,0,0
Botswana,Cabbages and other brassicas,2004,0,0
Botswana,Cabbages and other brassicas,2005,0,0
Botswana,Cabbages and other brassicas,2006,0,0
Botswana,Cabbages and other brassicas,2007,0,0
Botswana,Cabbages and other brassicas,2008,0,0
Botswana,Cabbages and other brassicas,2009,0,0
Botswana,Cabbages and other brassicas,2010,0,0
Botswana,Cabbages and other brassicas,2011,0,0
Botswana,Cabbages and other brassicas,2012,0,0
Botswana,Cabbages and other brassicas,2013,0,0
Botswana,Cabbages and other brassicas,2014,0,0
Botswana,Cabbages and other brassicas,2015,"105.000000""""","775905.000000"""""
Botswana,Cabbages and other brassicas,2016,"100.000000""""","800000.000000"""""
Botswana,Cabbages and other brassicas,2017,"439.000000""""","310615.000000"""""
Botswana,Cabbages and other brassicas,2018,"476.000000""""","310714.000000"""""
Botswana,Cabbages and other brassicas,2019,"490.000000""""","293000.000000"""""
Botswana,Carrots and turnips,1961,0,0
Botswana,Carrots and turnips,1962,0,0
Botswana,Carrots and turnips,1963,0,0
Botswana,Carrots and turnips,1964,0,0
Botswana,Carrots and turnips,1965,0,0
Botswana,Carrots and turnips,1966,0,0
Botswana,Carrots and turnips,1967,0,0
Botswana,Carrots and turnips,1968,0,0
Botswana,Carrots and turnips,1969,0,0
Botswana,Carrots and turnips,1970,0,0
Botswana,Carrots and turnips,1971,0,0
Botswana,Carrots and turnips,1972,0,0
Botswana,Carrots and turnips,1973,0,0
Botswana,Carrots and turnips,1974,0,0
Botswana,Carrots and turnips,1975,0,0
Botswana,Carrots and turnips,1976,0,0
Botswana,Carrots and turnips,1977,0,0
Botswana,Carrots and turnips,1978,0,0
Botswana,Carrots and turnips,1979,0,0
Botswana,Carrots and turnips,1980,0,0
Botswana,Carrots and turnips,1981,0,0
Botswana,Carrots and turnips,1982,0,0
Botswana,Carrots and turnips,1983,0,0
Botswana,Carrots and turnips,1984,0,0
Botswana,Carrots and turnips,1985,0,0
Botswana,Carrots and turnips,1986,0,0
Botswana,Carrots and turnips,1987,0,0
Botswana,Carrots and turnips,1988,0,0
Botswana,Carrots and turnips,1989,0,0
Botswana,Carrots and turnips,1990,0,0
Botswana,Carrots and turnips,1991,0,0
Botswana,Carrots and turnips,1992,0,0
Botswana,Carrots and turnips,1993,0,0
Botswana,Carrots and turnips,1994,0,0
Botswana,Carrots and turnips,1995,0,0
Botswana,Carrots and turnips,1996,0,0
Botswana,Carrots and turnips,1997,0,0
Botswana,Carrots and turnips,1998,0,0
Botswana,Carrots and turnips,1999,0,0
Botswana,Carrots and turnips,2000,0,0
Botswana,Carrots and turnips,2001,0,0
Botswana,Carrots and turnips,2002,0,0
Botswana,Carrots and turnips,2003,0,0
Botswana,Carrots and turnips,2004,0,0
Botswana,Carrots and turnips,2005,0,0
Botswana,Carrots and turnips,2006,0,0
Botswana,Carrots and turnips,2007,0,0
Botswana,Carrots and turnips,2008,0,0
Botswana,Carrots and turnips,2009,0,0
Botswana,Carrots and turnips,2010,0,0
Botswana,Carrots and turnips,2011,0,0
Botswana,Carrots and turnips,2012,0,0
Botswana,Carrots and turnips,2013,0,0
Botswana,Carrots and turnips,2014,0,0
Botswana,Carrots and turnips,2015,0,0
Botswana,Carrots and turnips,2016,0,0
Botswana,Carrots and turnips,2017,"135.000000""""","281926.000000"""""
Botswana,Carrots and turnips,2018,"133.000000""""","252481.000000"""""
Botswana,Carrots and turnips,2019,"140.000000""""","277857.000000"""""
Botswana,Cereals nes,1961,0,0
Botswana,Cereals nes,1962,0,0
Botswana,Cereals nes,1963,0,0
Botswana,Cereals nes,1964,0,0
Botswana,Cereals nes,1965,0,0
Botswana,Cereals nes,1966,0,0
Botswana,Cereals nes,1967,0,0
Botswana,Cereals nes,1968,0,0
Botswana,Cereals nes,1969,0,0
Botswana,Cereals nes,1970,0,0
Botswana,Cereals nes,1971,0,0
Botswana,Cereals nes,1972,0,0
Botswana,Cereals nes,1973,0,0
Botswana,Cereals nes,1974,0,0
Botswana,Cereals nes,1975,0,0
Botswana,Cereals nes,1976,"1200.000000""""","7500.000000"""""
Botswana,Cereals nes,1977,"2000.000000""""","8000.000000"""""
Botswana,Cereals nes,1978,"2000.000000""""","8000.000000"""""
Botswana,Cereals nes,1979,"2000.000000""""","8000.000000"""""
Botswana,Cereals nes,1980,"2000.000000""""","8000.000000"""""
Botswana,Cereals nes,1981,"2000.000000""""","8000.000000"""""
Botswana,Cereals nes,1982,"2000.000000""""","8000.000000"""""
Botswana,Cereals nes,1983,"2000.000000""""","8000.000000"""""
Botswana,Cereals nes,1984,"2000.000000""""","8000.000000"""""
Botswana,Cereals nes,1985,"2000.000000""""","8000.000000"""""
Botswana,Cereals nes,1986,"2000.000000""""","8000.000000"""""
Botswana,Cereals nes,1987,"2000.000000""""","8000.000000"""""
Botswana,Cereals nes,1988,"2000.000000""""","8000.000000"""""
Botswana,Cereals nes,1989,"2000.000000""""","8000.000000"""""
Botswana,Cereals nes,1990,"2200.000000""""","8182.000000"""""
Botswana,Cereals nes,1991,"2500.000000""""","8000.000000"""""
Botswana,Cereals nes,1992,"2900.000000""""","8621.000000"""""
Botswana,Cereals nes,1993,"3500.000000""""","8571.000000"""""
Botswana,Cereals nes,1994,"3446.000000""""","8456.000000"""""
Botswana,Cereals nes,1995,"3265.000000""""","8472.000000"""""
Botswana,Cereals nes,1996,"3104.000000""""","8515.000000"""""
Botswana,Cereals nes,1997,"2928.000000""""","8566.000000"""""
Botswana,Cereals nes,1998,"2900.000000""""","8621.000000"""""
Botswana,Cereals nes,1999,"3112.000000""""","8621.000000"""""
Botswana,Cereals nes,2000,"3500.000000""""","8571.000000"""""
Botswana,Cereals nes,2001,"2900.000000""""","8621.000000"""""
Botswana,Cereals nes,2002,"2200.000000""""","8182.000000"""""
Botswana,Cereals nes,2003,"2000.000000""""","8000.000000"""""
Botswana,Cereals nes,2004,"2041.000000""""","8520.000000"""""
Botswana,Cereals nes,2005,"2064.000000""""","8624.000000"""""
Botswana,Cereals nes,2006,"2098.000000""""","8751.000000"""""
Botswana,Cereals nes,2007,"2200.000000""""","8182.000000"""""
Botswana,Cereals nes,2008,"2495.000000""""","9623.000000"""""
Botswana,Cereals nes,2009,"2804.000000""""","10489.000000"""""
Botswana,Cereals nes,2010,"3128.000000""""","11509.000000"""""
Botswana,Cereals nes,2011,"2800.000000""""","13214.000000"""""
Botswana,Cereals nes,2012,"3000.000000""""","12667.000000"""""
Botswana,Cereals nes,2013,"3300.000000""""","11818.000000"""""
Botswana,Cereals nes,2014,"3413.000000""""","11705.000000"""""
Botswana,Cereals nes,2015,"3292.000000""""","12491.000000"""""
Botswana,Cereals nes,2016,"3226.000000""""","12799.000000"""""
Botswana,Cereals nes,2017,"3214.000000""""","13037.000000"""""
Botswana,Cereals nes,2018,"3239.000000""""","13273.000000"""""
Botswana,Cereals nes,2019,"3288.000000""""","13504.000000"""""
Botswana,Fibre Crops Primary,1961,"1000.000000""""","0.000000"""""
Botswana,Fibre Crops Primary,1962,"1000.000000""""","0.000000"""""
Botswana,Fibre Crops Primary,1963,"1000.000000""""","0.000000"""""
Botswana,Fibre Crops Primary,1964,"1287.000000""""","0.000000"""""
Botswana,Fibre Crops Primary,1965,"1100.000000""""","0.000000"""""
Botswana,Fibre Crops Primary,1966,"798.000000""""","0.000000"""""
Botswana,Fibre Crops Primary,1967,"742.000000""""","0.000000"""""
Botswana,Fibre Crops Primary,1968,"890.000000""""","0.000000"""""
Botswana,Fibre Crops Primary,1969,"931.000000""""","0.000000"""""
Botswana,Fibre Crops Primary,1970,"800.000000""""","0.000000"""""
Botswana,Fibre Crops Primary,1971,"1200.000000""""","0.000000"""""
Botswana,Fibre Crops Primary,1972,"1000.000000""""","0.000000"""""
Botswana,Fibre Crops Primary,1973,"1100.000000""""","0.000000"""""
Botswana,Fibre Crops Primary,1974,"1100.000000""""","0.000000"""""
Botswana,Fibre Crops Primary,1975,"1100.000000""""","0.000000"""""
Botswana,Fibre Crops Primary,1976,"1100.000000""""","0.000000"""""
Botswana,Fibre Crops Primary,1977,"1100.000000""""","0.000000"""""
Botswana,Fibre Crops Primary,1978,"1100.000000""""","0.000000"""""
Botswana,Fibre Crops Primary,1979,"1100.000000""""","0.000000"""""
Botswana,Fibre Crops Primary,1980,"1100.000000""""","0.000000"""""
Botswana,Fibre Crops Primary,1981,"1100.000000""""","0.000000"""""
Botswana,Fibre Crops Primary,1982,"1100.000000""""","0.000000"""""
Botswana,Fibre Crops Primary,1983,"1100.000000""""","0.000000"""""
Botswana,Fibre Crops Primary,1984,"1100.000000""""","0.000000"""""
Botswana,Fibre Crops Primary,1985,"1100.000000""""","0.000000"""""
Botswana,Fibre Crops Primary,1986,"1100.000000""""","0.000000"""""
Botswana,Fibre Crops Primary,1987,"1100.000000""""","0.000000"""""
Botswana,Fibre Crops Primary,1988,"1100.000000""""","0.000000"""""
Botswana,Fibre Crops Primary,1989,"1100.000000""""","0.000000"""""
Botswana,Fibre Crops Primary,1990,"1269.000000""""","0.000000"""""
Botswana,Fibre Crops Primary,1991,"1155.000000""""","0.000000"""""
Botswana,Fibre Crops Primary,1992,"1117.000000""""","0.000000"""""
Botswana,Fibre Crops Primary,1993,"1080.000000""""","0.000000"""""
Botswana,Fibre Crops Primary,1994,"1044.000000""""","0.000000"""""
Botswana,Fibre Crops Primary,1995,"1014.000000""""","0.000000"""""
Botswana,Fibre Crops Primary,1996,"1031.000000""""","0.000000"""""
Botswana,Fibre Crops Primary,1997,"1000.000000""""","0.000000"""""
Botswana,Fibre Crops Primary,1998,"900.000000""""","0.000000"""""
Botswana,Fibre Crops Primary,1999,"950.000000""""","0.000000"""""
Botswana,Fibre Crops Primary,2000,"1100.000000""""","0.000000"""""
Botswana,Fibre Crops Primary,2001,"905.000000""""","0.000000"""""
Botswana,Fibre Crops Primary,2002,"804.000000""""","0.000000"""""
Botswana,Fibre Crops Primary,2003,"691.000000""""","0.000000"""""
Botswana,Fibre Crops Primary,2004,"643.000000""""","0.000000"""""
Botswana,Fibre Crops Primary,2005,"604.000000""""","0.000000"""""
Botswana,Fibre Crops Primary,2006,"579.000000""""","0.000000"""""
Botswana,Fibre Crops Primary,2007,"500.000000""""","0.000000"""""
Botswana,Fibre Crops Primary,2008,"535.000000""""","0.000000"""""
Botswana,Fibre Crops Primary,2009,"400.000000""""","0.000000"""""
Botswana,Fibre Crops Primary,2010,"430.000000""""","0.000000"""""
Botswana,Fibre Crops Primary,2011,"440.000000""""","0.000000"""""
Botswana,Fibre Crops Primary,2012,"450.000000""""","0.000000"""""
Botswana,Fibre Crops Primary,2013,"470.000000""""","0.000000"""""
Botswana,Fibre Crops Primary,2014,"500.000000""""","0.000000"""""
Botswana,Fibre Crops Primary,2015,"500.000000""""","0.000000"""""
Botswana,Fibre Crops Primary,2016,"500.000000""""","0.000000"""""
Botswana,Fibre Crops Primary,2017,"500.000000""""","0.000000"""""
Botswana,Fibre Crops Primary,2018,"500.000000""""","0.000000"""""
Botswana,Fibre Crops Primary,2019,"502.000000""""","0.000000"""""
Botswana,Fruit Primary,1961,"1300.000000""""","36154.000000"""""
Botswana,Fruit Primary,1962,"1400.000000""""","34286.000000"""""
Botswana,Fruit Primary,1963,"1400.000000""""","36429.000000"""""
Botswana,Fruit Primary,1964,"1390.000000""""","38727.000000"""""
Botswana,Fruit Primary,1965,"1520.000000""""","36651.000000"""""
Botswana,Fruit Primary,1966,"1520.000000""""","37309.000000"""""
Botswana,Fruit Primary,1967,"1520.000000""""","37967.000000"""""
Botswana,Fruit Primary,1968,"1520.000000""""","38625.000000"""""
Botswana,Fruit Primary,1969,"1470.000000""""","42299.000000"""""
Botswana,Fruit Primary,1970,"1470.000000""""","42980.000000"""""
Botswana,Fruit Primary,1971,"1580.000000""""","42722.000000"""""
Botswana,Fruit Primary,1972,"1580.000000""""","43987.000000"""""
Botswana,Fruit Primary,1973,"1680.000000""""","42560.000000"""""
Botswana,Fruit Primary,1974,"1680.000000""""","43750.000000"""""
Botswana,Fruit Primary,1975,"1790.000000""""","42458.000000"""""
Botswana,Fruit Primary,1976,"1800.000000""""","44167.000000"""""
Botswana,Fruit Primary,1977,"1910.000000""""","43979.000000"""""
Botswana,Fruit Primary,1978,"2020.000000""""","44307.000000"""""
Botswana,Fruit Primary,1979,"2020.000000""""","44307.000000"""""
Botswana,Fruit Primary,1980,"2120.000000""""","43160.000000"""""
Botswana,Fruit Primary,1981,"2120.000000""""","44575.000000"""""
Botswana,Fruit Primary,1982,"2180.000000""""","48165.000000"""""
Botswana,Fruit Primary,1983,"2180.000000""""","48165.000000"""""
Botswana,Fruit Primary,1984,"2180.000000""""","48165.000000"""""
Botswana,Fruit Primary,1985,"2180.000000""""","48165.000000"""""
Botswana,Fruit Primary,1986,"2180.000000""""","48165.000000"""""
Botswana,Fruit Primary,1987,"2030.000000""""","41872.000000"""""
Botswana,Fruit Primary,1988,"2030.000000""""","41872.000000"""""
Botswana,Fruit Primary,1989,"2330.000000""""","47210.000000"""""
Botswana,Fruit Primary,1990,"2434.000000""""","47432.000000"""""
Botswana,Fruit Primary,1991,"2235.000000""""","47517.000000"""""
Botswana,Fruit Primary,1992,"1974.000000""""","43186.000000"""""
Botswana,Fruit Primary,1993,"2177.000000""""","48383.000000"""""
Botswana,Fruit Primary,1994,"2381.000000""""","48475.000000"""""
Botswana,Fruit Primary,1995,"2086.000000""""","45781.000000"""""
Botswana,Fruit Primary,1996,"2402.000000""""","48043.000000"""""
Botswana,Fruit Primary,1997,"2317.000000""""","45352.000000"""""
Botswana,Fruit Primary,1998,"2010.000000""""","41791.000000"""""
Botswana,Fruit Primary,1999,"2130.000000""""","44601.000000"""""
Botswana,Fruit Primary,2000,"2350.000000""""","45106.000000"""""
Botswana,Fruit Primary,2001,"2221.000000""""","42400.000000"""""
Botswana,Fruit Primary,2002,"2214.000000""""","41626.000000"""""
Botswana,Fruit Primary,2003,"2172.000000""""","40843.000000"""""
Botswana,Fruit Primary,2004,"2176.000000""""","39632.000000"""""
Botswana,Fruit Primary,2005,"2167.000000""""","38662.000000"""""
Botswana,Fruit Primary,2006,"2180.000000""""","37651.000000"""""
Botswana,Fruit Primary,2007,"2146.000000""""","37185.000000"""""
Botswana,Fruit Primary,2008,"2176.000000""""","36075.000000"""""
Botswana,Fruit Primary,2009,"1920.000000""""","31250.000000"""""
Botswana,Fruit Primary,2010,"2057.000000""""","33967.000000"""""
Botswana,Fruit Primary,2011,"2130.000000""""","30986.000000"""""
Botswana,Fruit Primary,2012,"2130.000000""""","33333.000000"""""
Botswana,Fruit Primary,2013,"2017.000000""""","32410.000000"""""
Botswana,Fruit Primary,2014,"2062.000000""""","30757.000000"""""
Botswana,Fruit Primary,2015,"2137.000000""""","50426.000000"""""
Botswana,Fruit Primary,2016,"2225.000000""""","52580.000000"""""
Botswana,Fruit Primary,2017,"2376.000000""""","83182.000000"""""
Botswana,Fruit Primary,2018,"2392.000000""""","84816.000000"""""
Botswana,Fruit Primary,2019,"2573.000000""""","100560.000000"""""
Botswana,Maize,1961,"1376.000000""""","4477.000000"""""
Botswana,Maize,1962,"9308.000000""""","6822.000000"""""
Botswana,Maize,1963,"8000.000000""""","7500.000000"""""
Botswana,Maize,1964,"1214.000000""""","6722.000000"""""
Botswana,Maize,1965,"5716.000000""""","2668.000000"""""
Botswana,Maize,1966,"29236.000000""""","5647.000000"""""
Botswana,Maize,1967,"13686.000000""""","1121.000000"""""
Botswana,Maize,1968,"29550.000000""""","2553.000000"""""
Botswana,Maize,1969,"46629.000000""""","2745.000000"""""
Botswana,Maize,1970,"30297.000000""""","693.000000"""""
Botswana,Maize,1971,"24900.000000""""","6667.000000"""""
Botswana,Maize,1972,"9500.000000""""","10842.000000"""""
Botswana,Maize,1973,"50000.000000""""","4460.000000"""""
Botswana,Maize,1974,"70000.000000""""","4843.000000"""""
Botswana,Maize,1975,"40000.000000""""","7175.000000"""""
Botswana,Maize,1976,"80000.000000""""","7830.000000"""""
Botswana,Maize,1977,"65000.000000""""","5446.000000"""""
Botswana,Maize,1978,"45000.000000""""","3111.000000"""""
Botswana,Maize,1979,"21100.000000""""","1066.000000"""""
Botswana,Maize,1980,"46500.000000""""","2495.000000"""""
Botswana,Maize,1981,"59300.000000""""","3611.000000"""""
Botswana,Maize,1982,"23900.000000""""","5188.000000"""""
Botswana,Maize,1983,"19600.000000""""","4334.000000"""""
Botswana,Maize,1984,"3300.000000""""","1485.000000"""""
Botswana,Maize,1985,"7900.000000""""","1816.000000"""""
Botswana,Maize,1986,"8800.000000""""","4091.000000"""""
Botswana,Maize,1987,"5400.000000""""","6065.000000"""""
Botswana,Maize,1988,"32900.000000""""","2322.000000"""""
Botswana,Maize,1989,"52300.000000""""","3779.000000"""""
Botswana,Maize,1990,"40700.000000""""","2899.000000"""""
Botswana,Maize,1991,"36600.000000""""","3962.000000"""""
Botswana,Maize,1992,"15800.000000""""","1899.000000"""""
Botswana,Maize,1993,"22000.000000""""","1353.000000"""""
Botswana,Maize,1994,"63600.000000""""","1698.000000"""""
Botswana,Maize,1995,"20000.000000""""","9477.000000"""""
Botswana,Maize,1996,"100000.000000""""","2463.000000"""""
Botswana,Maize,1997,"79000.000000""""","2867.000000"""""
Botswana,Maize,1998,"25756.000000""""","910.000000"""""
Botswana,Maize,1999,"34171.000000""""","1111.000000"""""
Botswana,Maize,2000,"83258.000000""""","1123.000000"""""
Botswana,Maize,2001,"24977.000000""""","1992.000000"""""
Botswana,Maize,2002,"55803.000000""""","2947.000000"""""
Botswana,Maize,2003,"7617.000000""""","2144.000000"""""
Botswana,Maize,2004,"43208.000000""""","1743.000000"""""
Botswana,Maize,2005,"70000.000000""""","2297.000000"""""
Botswana,Maize,2006,"60373.000000""""","2511.000000"""""
Botswana,Maize,2007,"17705.000000""""","1219.000000"""""
Botswana,Maize,2008,"48633.000000""""","1844.000000"""""
Botswana,Maize,2009,"82710.000000""""","2429.000000"""""
Botswana,Maize,2010,"65388.000000""""","1617.000000"""""
Botswana,Maize,2011,"101425.000000""""","3473.000000"""""
Botswana,Maize,2012,"56051.000000""""","1370.000000"""""
Botswana,Maize,2013,"45267.000000""""","849.000000"""""
Botswana,Maize,2014,"104197.000000""""","2740.000000"""""
Botswana,Maize,2015,"14857.000000""""","2552.000000"""""
Botswana,Maize,2016,"53553.000000""""","2215.000000"""""
Botswana,Maize,2017,"51030.000000""""","2403.000000"""""
Botswana,Maize,2018,"76608.000000""""","3215.000000"""""
Botswana,Maize,2019,"35862.000000""""","2029.000000"""""
Botswana,Millet,1961,"324.000000""""","4475.000000"""""
Botswana,Millet,1962,"300.000000""""","5000.000000"""""
Botswana,Millet,1963,"300.000000""""","5000.000000"""""
Botswana,Millet,1964,"324.000000""""","8951.000000"""""
Botswana,Millet,1965,"3296.000000""""","2045.000000"""""
Botswana,Millet,1966,"1193.000000""""","4233.000000"""""
Botswana,Millet,1967,"16013.000000""""","3997.000000"""""
Botswana,Millet,1968,"12087.000000""""","6242.000000"""""
Botswana,Millet,1969,"10382.000000""""","6554.000000"""""
Botswana,Millet,1970,"18092.000000""""","702.000000"""""
Botswana,Millet,1971,"29137.000000""""","2059.000000"""""
Botswana,Millet,1972,"10000.000000""""","400.000000"""""
Botswana,Millet,1973,"10000.000000""""","1400.000000"""""
Botswana,Millet,1974,"10000.000000""""","4000.000000"""""
Botswana,Millet,1975,"10000.000000""""","4000.000000"""""
Botswana,Millet,1976,"10000.000000""""","3500.000000"""""
Botswana,Millet,1977,"10000.000000""""","3000.000000"""""
Botswana,Millet,1978,"10000.000000""""","2500.000000"""""
Botswana,Millet,1979,"8000.000000""""","1250.000000"""""
Botswana,Millet,1980,"14300.000000""""","2098.000000"""""
Botswana,Millet,1981,"12700.000000""""","1480.000000"""""
Botswana,Millet,1982,"3400.000000""""","1324.000000"""""
Botswana,Millet,1983,"6300.000000""""","690.000000"""""
Botswana,Millet,1984,"8300.000000""""","861.000000"""""
Botswana,Millet,1985,"9700.000000""""","1907.000000"""""
Botswana,Millet,1986,"10100.000000""""","1287.000000"""""
Botswana,Millet,1987,"5500.000000""""","664.000000"""""
Botswana,Millet,1988,"9100.000000""""","4066.000000"""""
Botswana,Millet,1989,"11500.000000""""","1722.000000"""""
Botswana,Millet,1990,"9000.000000""""","1833.000000"""""
Botswana,Millet,1991,"7300.000000""""","1781.000000"""""
Botswana,Millet,1992,"4000.000000""""","1250.000000"""""
Botswana,Millet,1993,"11000.000000""""","1476.000000"""""
Botswana,Millet,1994,"10000.000000""""","3591.000000"""""
Botswana,Millet,1995,"7000.000000""""","2786.000000"""""
Botswana,Millet,1996,"9000.000000""""","2787.000000"""""
Botswana,Millet,1997,"8000.000000""""","1696.000000"""""
Botswana,Millet,1998,"4575.000000""""","1108.000000"""""
Botswana,Millet,1999,"4848.000000""""","1774.000000"""""
Botswana,Millet,2000,"2000.000000""""","2360.000000"""""
Botswana,Millet,2001,"400.000000""""","1350.000000"""""
Botswana,Millet,2002,"800.000000""""","1138.000000"""""
Botswana,Millet,2003,"500.000000""""","1200.000000"""""
Botswana,Millet,2004,"800.000000""""","1188.000000"""""
Botswana,Millet,2005,"1000.000000""""","1200.000000"""""
Botswana,Millet,2006,"3000.000000""""","1667.000000"""""
Botswana,Millet,2007,"2319.000000""""","2829.000000"""""
Botswana,Millet,2008,"7650.000000""""","2139.000000"""""
Botswana,Millet,2009,"8136.000000""""","3401.000000"""""
Botswana,Millet,2010,"9476.000000""""","3594.000000"""""
Botswana,Millet,2011,"10729.000000""""","2340.000000"""""
Botswana,Millet,2012,"7516.000000""""","2606.000000"""""
Botswana,Millet,2013,"8120.000000""""","1713.000000"""""
Botswana,Millet,2014,"6850.000000""""","4961.000000"""""
Botswana,Millet,2015,"2843.000000""""","1952.000000"""""
Botswana,Millet,2016,"4400.000000""""","2873.000000"""""
Botswana,Millet,2017,"2538.000000""""","4330.000000"""""
Botswana,Millet,2018,"11003.000000""""","2238.000000"""""
Botswana,Millet,2019,"3420.000000""""","2637.000000"""""
Botswana,Oilcrops,1961,"5451.000000""""","12057.000000"""""
Botswana,Oilcrops,1962,"1966.000000""""","16155.000000"""""
Botswana,Oilcrops,1963,"3500.000000""""","12857.000000"""""
Botswana,Oilcrops,1964,"3287.000000""""","25196.000000"""""
Botswana,Oilcrops,1965,"1508.000000""""","44416.000000"""""
Botswana,Oilcrops,1966,"2384.000000""""","23037.000000"""""
Botswana,Oilcrops,1967,"4389.000000""""","12174.000000"""""
Botswana,Oilcrops,1968,"6377.000000""""","10980.000000"""""
Botswana,Oilcrops,1969,"6649.000000""""","12026.000000"""""
Botswana,Oilcrops,1970,"6429.000000""""","8222.000000"""""
Botswana,Oilcrops,1971,"8770.000000""""","11452.000000"""""
Botswana,Oilcrops,1972,"7500.000000""""","8156.000000"""""
Botswana,Oilcrops,1973,"7600.000000""""","8289.000000"""""
Botswana,Oilcrops,1974,"7400.000000""""","7838.000000"""""
Botswana,Oilcrops,1975,"9100.000000""""","6484.000000"""""
Botswana,Oilcrops,1976,"9600.000000""""","6250.000000"""""
Botswana,Oilcrops,1977,"12100.000000""""","5455.000000"""""
Botswana,Oilcrops,1978,"11600.000000""""","5345.000000"""""
Botswana,Oilcrops,1979,"8800.000000""""","4682.000000"""""
Botswana,Oilcrops,1980,"11600.000000""""","5000.000000"""""
Botswana,Oilcrops,1981,"8300.000000""""","7428.000000"""""
Botswana,Oilcrops,1982,"3761.000000""""","10433.000000"""""
Botswana,Oilcrops,1983,"2200.000000""""","18145.000000"""""
Botswana,Oilcrops,1984,"4200.000000""""","9476.000000"""""
Botswana,Oilcrops,1985,"2700.000000""""","15926.000000"""""
Botswana,Oilcrops,1986,"2500.000000""""","13600.000000"""""
Botswana,Oilcrops,1987,"2100.000000""""","15048.000000"""""
Botswana,Oilcrops,1988,"2300.000000""""","14783.000000"""""
Botswana,Oilcrops,1989,"2400.000000""""","15417.000000"""""
Botswana,Oilcrops,1990,"2769.000000""""","14890.000000"""""
Botswana,Oilcrops,1991,"3255.000000""""","12722.000000"""""
Botswana,Oilcrops,1992,"2417.000000""""","15416.000000"""""
Botswana,Oilcrops,1993,"2780.000000""""","13083.000000"""""
Botswana,Oilcrops,1994,"3035.000000""""","13825.000000"""""
Botswana,Oilcrops,1995,"3005.000000""""","15471.000000"""""
Botswana,Oilcrops,1996,"5031.000000""""","14152.000000"""""
Botswana,Oilcrops,1997,"9000.000000""""","8932.000000"""""
Botswana,Oilcrops,1998,"6800.000000""""","12384.000000"""""
Botswana,Oilcrops,1999,"7983.000000""""","11421.000000"""""
Botswana,Oilcrops,2000,"6730.000000""""","12972.000000"""""
Botswana,Oilcrops,2001,"8105.000000""""","11328.000000"""""
Botswana,Oilcrops,2002,"8156.000000""""","11325.000000"""""
Botswana,Oilcrops,2003,"7291.000000""""","13624.000000"""""
Botswana,Oilcrops,2004,"7843.000000""""","11999.000000"""""
Botswana,Oilcrops,2005,"8147.000000""""","12088.000000"""""
Botswana,Oilcrops,2006,"5819.000000""""","13169.000000"""""
Botswana,Oilcrops,2007,"2326.000000""""","22846.000000"""""
Botswana,Oilcrops,2008,"9918.000000""""","11386.000000"""""
Botswana,Oilcrops,2009,"5603.000000""""","8315.000000"""""
Botswana,Oilcrops,2010,"9129.000000""""","8863.000000"""""
Botswana,Oilcrops,2011,"15669.000000""""","11378.000000"""""
Botswana,Oilcrops,2012,"5928.000000""""","12146.000000"""""
Botswana,Oilcrops,2013,"4274.000000""""","7330.000000"""""
Botswana,Oilcrops,2014,"3011.000000""""","6357.000000"""""
Botswana,Oilcrops,2015,"2756.000000""""","9213.000000"""""
Botswana,Oilcrops,2016,"4363.000000""""","6887.000000"""""
Botswana,Oilcrops,2017,"1691.000000""""","7232.000000"""""
Botswana,Oilcrops,2018,"4063.000000""""","5383.000000"""""
Botswana,Oilcrops,2019,"1587.000000""""","7026.000000"""""
Botswana,Oranges,1961,"200.000000""""","30000.000000"""""
Botswana,Oranges,1962,"200.000000""""","30000.000000"""""
Botswana,Oranges,1963,"200.000000""""","30000.000000"""""
Botswana,Oranges,1964,"190.000000""""","30684.000000"""""
Botswana,Oranges,1965,"220.000000""""","30500.000000"""""
Botswana,Oranges,1966,"220.000000""""","30500.000000"""""
Botswana,Oranges,1967,"220.000000""""","30500.000000"""""
Botswana,Oranges,1968,"220.000000""""","30500.000000"""""
Botswana,Oranges,1969,"70.000000""""","31143.000000"""""
Botswana,Oranges,1970,"70.000000""""","31143.000000"""""
Botswana,Oranges,1971,"80.000000""""","31250.000000"""""
Botswana,Oranges,1972,"80.000000""""","31250.000000"""""
Botswana,Oranges,1973,"80.000000""""","31250.000000"""""
Botswana,Oranges,1974,"80.000000""""","31250.000000"""""
Botswana,Oranges,1975,"90.000000""""","33333.000000"""""
Botswana,Oranges,1976,"100.000000""""","35000.000000"""""
Botswana,Oranges,1977,"110.000000""""","36364.000000"""""
Botswana,Oranges,1978,"120.000000""""","37500.000000"""""
Botswana,Oranges,1979,"120.000000""""","37500.000000"""""
Botswana,Oranges,1980,"120.000000""""","37500.000000"""""
Botswana,Oranges,1981,"120.000000""""","37500.000000"""""
Botswana,Oranges,1982,"130.000000""""","38462.000000"""""
Botswana,Oranges,1983,"130.000000""""","38462.000000"""""
Botswana,Oranges,1984,"130.000000""""","38462.000000"""""
Botswana,Oranges,1985,"130.000000""""","38462.000000"""""
Botswana,Oranges,1986,"130.000000""""","38462.000000"""""
Botswana,Oranges,1987,"130.000000""""","38462.000000"""""
Botswana,Oranges,1988,"130.000000""""","38462.000000"""""
Botswana,Oranges,1989,"130.000000""""","38462.000000"""""
Botswana,Oranges,1990,"134.000000""""","40672.000000"""""
Botswana,Oranges,1991,"70.000000""""","73714.000000"""""
Botswana,Oranges,1992,"74.000000""""","70946.000000"""""
Botswana,Oranges,1993,"77.000000""""","69221.000000"""""
Botswana,Oranges,1994,"81.000000""""","66914.000000"""""
Botswana,Oranges,1995,"86.000000""""","63953.000000"""""
Botswana,Oranges,1996,"102.000000""""","52941.000000"""""
Botswana,Oranges,1997,"117.000000""""","43419.000000"""""
Botswana,Oranges,1998,"110.000000""""","36364.000000"""""
Botswana,Oranges,1999,"130.000000""""","38462.000000"""""
Botswana,Oranges,2000,"150.000000""""","40000.000000"""""
Botswana,Oranges,2001,"147.000000""""","39592.000000"""""
Botswana,Oranges,2002,"142.000000""""","41127.000000"""""
Botswana,Oranges,2003,"137.000000""""","42847.000000"""""
Botswana,Oranges,2004,"135.000000""""","43852.000000"""""
Botswana,Oranges,2005,"130.000000""""","46154.000000"""""
Botswana,Oranges,2006,"138.000000""""","49130.000000"""""
Botswana,Oranges,2007,"184.000000""""","53261.000000"""""
Botswana,Oranges,2008,"147.000000""""","57823.000000"""""
Botswana,Oranges,2009,"120.000000""""","41667.000000"""""
Botswana,Oranges,2010,"95.000000""""","68316.000000"""""
Botswana,Oranges,2011,"130.000000""""","46154.000000"""""
Botswana,Oranges,2012,"130.000000""""","46154.000000"""""
Botswana,Oranges,2013,"59.000000""""","118644.000000"""""
Botswana,Oranges,2014,"50.000000""""","134800.000000"""""
Botswana,Oranges,2015,"54.000000""""","155926.000000"""""
Botswana,Oranges,2016,"117.000000""""","166410.000000"""""
Botswana,Oranges,2017,"201.000000""""","165871.000000"""""
Botswana,Oranges,2018,"206.000000""""","190000.000000"""""
Botswana,Oranges,2019,"350.000000""""","114429.000000"""""
Botswana,Potatoes,1961,0,0
Botswana,Potatoes,1962,0,0
Botswana,Potatoes,1963,0,0
Botswana,Potatoes,1964,0,0
Botswana,Potatoes,1965,0,0
Botswana,Potatoes,1966,0,0
Botswana,Potatoes,1967,0,0
Botswana,Potatoes,1968,0,0
Botswana,Potatoes,1969,0,0
Botswana,Potatoes,1970,0,0
Botswana,Potatoes,1971,0,0
Botswana,Potatoes,1972,0,0
Botswana,Potatoes,1973,0,0
Botswana,Potatoes,1974,0,0
Botswana,Potatoes,1975,0,0
Botswana,Potatoes,1976,0,0
Botswana,Potatoes,1977,0,0
Botswana,Potatoes,1978,0,0
Botswana,Potatoes,1979,0,0
Botswana,Potatoes,1980,0,0
Botswana,Potatoes,1981,0,0
Botswana,Potatoes,1982,0,0
Botswana,Potatoes,1983,0,0
Botswana,Potatoes,1984,0,0
Botswana,Potatoes,1985,0,0
Botswana,Potatoes,1986,0,0
Botswana,Potatoes,1987,0,0
Botswana,Potatoes,1988,0,0
Botswana,Potatoes,1989,0,0
Botswana,Potatoes,1990,0,0
Botswana,Potatoes,1991,0,0
Botswana,Potatoes,1992,0,0
Botswana,Potatoes,1993,0,0
Botswana,Potatoes,1994,0,0
Botswana,Potatoes,1995,0,0
Botswana,Potatoes,1996,0,0
Botswana,Potatoes,1997,0,0
Botswana,Potatoes,1998,0,0
Botswana,Potatoes,1999,0,0
Botswana,Potatoes,2000,0,0
Botswana,Potatoes,2001,0,0
Botswana,Potatoes,2002,0,0
Botswana,Potatoes,2003,0,0
Botswana,Potatoes,2004,0,0
Botswana,Potatoes,2005,0,0
Botswana,Potatoes,2006,0,0
Botswana,Potatoes,2007,0,0
Botswana,Potatoes,2008,0,0
Botswana,Potatoes,2009,0,0
Botswana,Potatoes,2010,0,0
Botswana,Potatoes,2011,0,0
Botswana,Potatoes,2012,0,0
Botswana,Potatoes,2013,0,0
Botswana,Potatoes,2014,0,0
Botswana,Potatoes,2015,0,0
Botswana,Potatoes,2016,0,0
Botswana,Potatoes,2017,"568.000000""""","154313.000000"""""
Botswana,Potatoes,2018,"797.000000""""","154768.000000"""""
Botswana,Potatoes,2019,"850.000000""""","21176.000000"""""
Botswana,Pulses nes,1961,"23000.000000""""","7100.000000"""""
Botswana,Pulses nes,1962,"20000.000000""""","6000.000000"""""
Botswana,Pulses nes,1963,"20000.000000""""","6000.000000"""""
Botswana,Pulses nes,1964,"20000.000000""""","6000.000000"""""
Botswana,Pulses nes,1965,"20000.000000""""","6000.000000"""""
Botswana,Pulses nes,1966,"20000.000000""""","5000.000000"""""
Botswana,Pulses nes,1967,"20000.000000""""","6000.000000"""""
Botswana,Pulses nes,1968,"20000.000000""""","6000.000000"""""
Botswana,Pulses nes,1969,"20000.000000""""","6000.000000"""""
Botswana,Pulses nes,1970,"20000.000000""""","6000.000000"""""
Botswana,Pulses nes,1971,"25000.000000""""","5200.000000"""""
Botswana,Pulses nes,1972,"25000.000000""""","4800.000000"""""
Botswana,Pulses nes,1973,"25000.000000""""","5200.000000"""""
Botswana,Pulses nes,1974,"25000.000000""""","6000.000000"""""
Botswana,Pulses nes,1975,"30000.000000""""","5667.000000"""""
Botswana,Pulses nes,1976,"30000.000000""""","6000.000000"""""
Botswana,Pulses nes,1977,"30000.000000""""","6667.000000"""""
Botswana,Pulses nes,1978,"30000.000000""""","6667.000000"""""
Botswana,Pulses nes,1979,"30000.000000""""","6667.000000"""""
Botswana,Pulses nes,1980,"30000.000000""""","6000.000000"""""
Botswana,Pulses nes,1981,"30000.000000""""","6000.000000"""""
Botswana,Pulses nes,1982,"30000.000000""""","6000.000000"""""
Botswana,Pulses nes,1983,"30000.000000""""","5000.000000"""""
Botswana,Pulses nes,1984,"30000.000000""""","4333.000000"""""
Botswana,Pulses nes,1985,"30000.000000""""","4667.000000"""""
Botswana,Pulses nes,1986,"30000.000000""""","4667.000000"""""
Botswana,Pulses nes,1987,"30000.000000""""","4667.000000"""""
Botswana,Pulses nes,1988,"30000.000000""""","4667.000000"""""
Botswana,Pulses nes,1989,"31000.000000""""","5484.000000"""""
Botswana,Pulses nes,1990,"32000.000000""""","5625.000000"""""
Botswana,Pulses nes,1991,"9574.000000""""","1622.000000"""""
Botswana,Pulses nes,1992,"9642.000000""""","1618.000000"""""
Botswana,Pulses nes,1993,"9711.000000""""","1614.000000"""""
Botswana,Pulses nes,1994,"9780.000000""""","1609.000000"""""
Botswana,Pulses nes,1995,"9849.000000""""","1605.000000"""""
Botswana,Pulses nes,1996,"9918.000000""""","1601.000000"""""
Botswana,Pulses nes,1997,"9988.000000""""","1598.000000"""""
Botswana,Pulses nes,1998,"10058.000000""""","1594.000000"""""
Botswana,Pulses nes,1999,"10129.000000""""","1589.000000"""""
Botswana,Pulses nes,2000,"10041.000000""""","1610.000000"""""
Botswana,Pulses nes,2001,"9860.000000""""","1647.000000"""""
Botswana,Pulses nes,2002,"9688.000000""""","1684.000000"""""
Botswana,Pulses nes,2003,"9522.000000""""","1720.000000"""""
Botswana,Pulses nes,2004,"9256.000000""""","1778.000000"""""
Botswana,Pulses nes,2005,"9096.000000""""","1757.000000"""""
Botswana,Pulses nes,2006,"5009.000000""""","2026.000000"""""
Botswana,Pulses nes,2007,"3760.000000""""","2141.000000"""""
Botswana,Pulses nes,2008,"13938.000000""""","1654.000000"""""
Botswana,Pulses nes,2009,"19585.000000""""","2202.000000"""""
Botswana,Pulses nes,2010,"16995.000000""""","2279.000000"""""
Botswana,Pulses nes,2011,"20245.000000""""","2322.000000"""""
Botswana,Pulses nes,2012,"13465.000000""""","1697.000000"""""
Botswana,Pulses nes,2013,"18418.000000""""","1984.000000"""""
Botswana,Pulses nes,2014,"25185.000000""""","2710.000000"""""
Botswana,Pulses nes,2015,"15235.000000""""","4717.000000"""""
Botswana,Pulses nes,2016,"17138.000000""""","2703.000000"""""
Botswana,Pulses nes,2017,"15701.000000""""","1495.000000"""""
Botswana,Pulses nes,2018,"36335.000000""""","2334.000000"""""
Botswana,Pulses nes,2019,"15437.000000""""","1459.000000"""""
Botswana,Roots and tubers nes,1961,"6000.000000""""","50000.000000"""""
Botswana,Roots and tubers nes,1962,"6000.000000""""","50000.000000"""""
Botswana,Roots and tubers nes,1963,"6000.000000""""","51667.000000"""""
Botswana,Roots and tubers nes,1964,"6000.000000""""","53333.000000"""""
Botswana,Roots and tubers nes,1965,"6000.000000""""","53333.000000"""""
Botswana,Roots and tubers nes,1966,"6100.000000""""","54098.000000"""""
Botswana,Roots and tubers nes,1967,"6100.000000""""","54098.000000"""""
Botswana,Roots and tubers nes,1968,"6100.000000""""","55738.000000"""""
Botswana,Roots and tubers nes,1969,"6100.000000""""","57377.000000"""""
Botswana,Roots and tubers nes,1970,"6100.000000""""","62295.000000"""""
Botswana,Roots and tubers nes,1971,"6200.000000""""","61290.000000"""""
Botswana,Roots and tubers nes,1972,"6200.000000""""","62903.000000"""""
Botswana,Roots and tubers nes,1973,"6200.000000""""","62903.000000"""""
Botswana,Roots and tubers nes,1974,"6300.000000""""","63492.000000"""""
Botswana,Roots and tubers nes,1975,"6300.000000""""","66667.000000"""""
Botswana,Roots and tubers nes,1976,"6500.000000""""","67692.000000"""""
Botswana,Roots and tubers nes,1977,"6500.000000""""","69231.000000"""""
Botswana,Roots and tubers nes,1978,"7300.000000""""","67123.000000"""""
Botswana,Roots and tubers nes,1979,"7300.000000""""","67123.000000"""""
Botswana,Roots and tubers nes,1980,"7400.000000""""","66216.000000"""""
Botswana,Roots and tubers nes,1981,"7400.000000""""","67568.000000"""""
Botswana,Roots and tubers nes,1982,"7800.000000""""","69231.000000"""""
Botswana,Roots and tubers nes,1983,"7800.000000""""","70513.000000"""""
Botswana,Roots and tubers nes,1984,"7800.000000""""","71795.000000"""""
Botswana,Roots and tubers nes,1985,"8000.000000""""","71250.000000"""""
Botswana,Roots and tubers nes,1986,"8100.000000""""","72840.000000"""""
Botswana,Roots and tubers nes,1987,"8400.000000""""","73810.000000"""""
Botswana,Roots and tubers nes,1988,"8400.000000""""","75000.000000"""""
Botswana,Roots and tubers nes,1989,"8400.000000""""","75000.000000"""""
Botswana,Roots and tubers nes,1990,"8800.000000""""","75000.000000"""""
Botswana,Roots and tubers nes,1991,"8906.000000""""","75230.000000"""""
Botswana,Roots and tubers nes,1992,"9500.000000""""","75789.000000"""""
Botswana,Roots and tubers nes,1993,"9496.000000""""","76348.000000"""""
Botswana,Roots and tubers nes,1994,"9700.000000""""","77320.000000"""""
Botswana,Roots and tubers nes,1995,"9900.000000""""","77778.000000"""""
Botswana,Roots and tubers nes,1996,"10012.000000""""","77907.000000"""""
Botswana,Roots and tubers nes,1997,"10300.000000""""","77670.000000"""""
Botswana,Roots and tubers nes,1998,"11000.000000""""","75455.000000"""""
Botswana,Roots and tubers nes,1999,"11114.000000""""","75580.000000"""""
Botswana,Roots and tubers nes,2000,"11185.000000""""","75995.000000"""""
Botswana,Roots and tubers nes,2001,"12000.000000""""","76667.000000"""""
Botswana,Roots and tubers nes,2002,"11828.000000""""","78627.000000"""""
Botswana,Roots and tubers nes,2003,"11365.000000""""","81354.000000"""""
Botswana,Roots and tubers nes,2004,"10970.000000""""","84429.000000"""""
Botswana,Roots and tubers nes,2005,"10250.000000""""","90648.000000"""""
Botswana,Roots and tubers nes,2006,"9874.000000""""","94693.000000"""""
Botswana,Roots and tubers nes,2007,"9537.000000""""","98563.000000"""""
Botswana,Roots and tubers nes,2008,"8791.000000""""","102377.000000"""""
Botswana,Roots and tubers nes,2009,"8628.000000""""","106016.000000"""""
Botswana,Roots and tubers nes,2010,"8669.000000""""","109387.000000"""""
Botswana,Roots and tubers nes,2011,"8602.000000""""","112424.000000"""""
Botswana,Roots and tubers nes,2012,"8500.000000""""","116471.000000"""""
Botswana,Roots and tubers nes,2013,"8550.000000""""","116374.000000"""""
Botswana,Roots and tubers nes,2014,"8506.000000""""","117233.000000"""""
Botswana,Roots and tubers nes,2015,"7957.000000""""","125835.000000"""""
Botswana,Roots and tubers nes,2016,"7765.000000""""","129368.000000"""""
Botswana,Roots and tubers nes,2017,"7609.000000""""","132858.000000"""""
Botswana,Roots and tubers nes,2018,"7462.000000""""","136329.000000"""""
Botswana,Roots and tubers nes,2019,"7322.000000""""","139807.000000"""""
Botswana,Seed cotton,1961,"1000.000000""""","31250.000000"""""
Botswana,Seed cotton,1962,"1000.000000""""","25000.000000"""""
Botswana,Seed cotton,1963,"1000.000000""""","25000.000000"""""
Botswana,Seed cotton,1964,"1287.000000""""","48811.000000"""""
Botswana,Seed cotton,1965,"1100.000000""""","56818.000000"""""
Botswana,Seed cotton,1966,"798.000000""""","63634.000000"""""
Botswana,Seed cotton,1967,"742.000000""""","35984.000000"""""
Botswana,Seed cotton,1968,"890.000000""""","28517.000000"""""
Botswana,Seed cotton,1969,"931.000000""""","34329.000000"""""
Botswana,Seed cotton,1970,"800.000000""""","17588.000000"""""
Botswana,Seed cotton,1971,"1200.000000""""","28692.000000"""""
Botswana,Seed cotton,1972,"1000.000000""""","28170.000000"""""
Botswana,Seed cotton,1973,"1100.000000""""","27273.000000"""""
Botswana,Seed cotton,1974,"1100.000000""""","27273.000000"""""
Botswana,Seed cotton,1975,"1100.000000""""","27273.000000"""""
Botswana,Seed cotton,1976,"1100.000000""""","27273.000000"""""
Botswana,Seed cotton,1977,"1100.000000""""","27273.000000"""""
Botswana,Seed cotton,1978,"1100.000000""""","27273.000000"""""
Botswana,Seed cotton,1979,"1100.000000""""","27273.000000"""""
Botswana,Seed cotton,1980,"1100.000000""""","27273.000000"""""
Botswana,Seed cotton,1981,"1100.000000""""","27273.000000"""""
Botswana,Seed cotton,1982,"1100.000000""""","27273.000000"""""
Botswana,Seed cotton,1983,"1100.000000""""","27273.000000"""""
Botswana,Seed cotton,1984,"1100.000000""""","27273.000000"""""
Botswana,Seed cotton,1985,"1100.000000""""","27273.000000"""""
Botswana,Seed cotton,1986,"1100.000000""""","27273.000000"""""
Botswana,Seed cotton,1987,"1100.000000""""","27273.000000"""""
Botswana,Seed cotton,1988,"1100.000000""""","27273.000000"""""
Botswana,Seed cotton,1989,"1100.000000""""","27273.000000"""""
Botswana,Seed cotton,1990,"1269.000000""""","26344.000000"""""
Botswana,Seed cotton,1991,"1155.000000""""","25463.000000"""""
Botswana,Seed cotton,1992,"1117.000000""""","25748.000000"""""
Botswana,Seed cotton,1993,"1080.000000""""","26028.000000"""""
Botswana,Seed cotton,1994,"1044.000000""""","26303.000000"""""
Botswana,Seed cotton,1995,"1014.000000""""","26982.000000"""""
Botswana,Seed cotton,1996,"1031.000000""""","25936.000000"""""
Botswana,Seed cotton,1997,"1000.000000""""","25000.000000"""""
Botswana,Seed cotton,1998,"900.000000""""","25556.000000"""""
Botswana,Seed cotton,1999,"950.000000""""","25263.000000"""""
Botswana,Seed cotton,2000,"1100.000000""""","27273.000000"""""
Botswana,Seed cotton,2001,"905.000000""""","29105.000000"""""
Botswana,Seed cotton,2002,"804.000000""""","31095.000000"""""
Botswana,Seed cotton,2003,"691.000000""""","34081.000000"""""
Botswana,Seed cotton,2004,"643.000000""""","36205.000000"""""
Botswana,Seed cotton,2005,"604.000000""""","37947.000000"""""
Botswana,Seed cotton,2006,"579.000000""""","39206.000000"""""
Botswana,Seed cotton,2007,"500.000000""""","50000.000000"""""
Botswana,Seed cotton,2008,"535.000000""""","37252.000000"""""
Botswana,Seed cotton,2009,"400.000000""""","33900.000000"""""
Botswana,Seed cotton,2010,"430.000000""""","30395.000000"""""
Botswana,Seed cotton,2011,"440.000000""""","26318.000000"""""
Botswana,Seed cotton,2012,"450.000000""""","22222.000000"""""
Botswana,Seed cotton,2013,"470.000000""""","21277.000000"""""
Botswana,Seed cotton,2014,"500.000000""""","20000.000000"""""
Botswana,Seed cotton,2015,"500.000000""""","20000.000000"""""
Botswana,Seed cotton,2016,"500.000000""""","20000.000000"""""
Botswana,Seed cotton,2017,"500.000000""""","20000.000000"""""
Botswana,Seed cotton,2018,"500.000000""""","20000.000000"""""
Botswana,Seed cotton,2019,"502.000000""""","19303.000000"""""
Botswana,Sorghum,1961,"180000.000000""""","3389.000000"""""
Botswana,Sorghum,1962,"40000.000000""""","2500.000000"""""
Botswana,Sorghum,1963,"40000.000000""""","3000.000000"""""
Botswana,Sorghum,1964,"40000.000000""""","2500.000000"""""
Botswana,Sorghum,1965,"26000.000000""""","3462.000000"""""
Botswana,Sorghum,1966,"50000.000000""""","3600.000000"""""
Botswana,Sorghum,1967,"176886.000000""""","3231.000000"""""
Botswana,Sorghum,1968,"57333.000000""""","1814.000000"""""
Botswana,Sorghum,1969,"104454.000000""""","2853.000000"""""
Botswana,Sorghum,1970,"133800.000000""""","583.000000"""""
Botswana,Sorghum,1971,"160957.000000""""","4554.000000"""""
Botswana,Sorghum,1972,"64118.000000""""","10652.000000"""""
Botswana,Sorghum,1973,"65000.000000""""","1585.000000"""""
Botswana,Sorghum,1974,"80000.000000""""","9038.000000"""""
Botswana,Sorghum,1975,"100000.000000""""","3380.000000"""""
Botswana,Sorghum,1976,"100000.000000""""","5554.000000"""""
Botswana,Sorghum,1977,"100000.000000""""","3300.000000"""""
Botswana,Sorghum,1978,"70000.000000""""","2214.000000"""""
Botswana,Sorghum,1979,"42300.000000""""","1017.000000"""""
Botswana,Sorghum,1980,"130400.000000""""","2232.000000"""""
Botswana,Sorghum,1981,"122400.000000""""","2312.000000"""""
Botswana,Sorghum,1982,"37300.000000""""","1038.000000"""""
Botswana,Sorghum,1983,"34800.000000""""","1504.000000"""""
Botswana,Sorghum,1984,"49100.000000""""","1165.000000"""""
Botswana,Sorghum,1985,"82900.000000""""","1783.000000"""""
Botswana,Sorghum,1986,"97000.000000""""","1649.000000"""""
Botswana,Sorghum,1987,"113900.000000""""","1583.000000"""""
Botswana,Sorghum,1988,"243800.000000""""","3870.000000"""""
Botswana,Sorghum,1989,"201200.000000""""","2631.000000"""""
Botswana,Sorghum,1990,"152700.000000""""","2500.000000"""""
Botswana,Sorghum,1991,"90100.000000""""","3663.000000"""""
Botswana,Sorghum,1992,"55000.000000""""","2909.000000"""""
Botswana,Sorghum,1993,"72388.000000""""","5236.000000"""""
Botswana,Sorghum,1994,"170000.000000""""","2182.000000"""""
Botswana,Sorghum,1995,"106194.000000""""","3597.000000"""""
Botswana,Sorghum,1996,"164408.000000""""","3592.000000"""""
Botswana,Sorghum,1997,"68469.000000""""","2455.000000"""""
Botswana,Sorghum,1998,"27000.000000""""","3364.000000"""""
Botswana,Sorghum,1999,"48711.000000""""","2669.000000"""""
Botswana,Sorghum,2000,"72000.000000""""","1573.000000"""""
Botswana,Sorghum,2001,"13000.000000""""","11538.000000"""""
Botswana,Sorghum,2002,"37474.000000""""","4218.000000"""""
Botswana,Sorghum,2003,"19216.000000""""","16808.000000"""""
Botswana,Sorghum,2004,"51000.000000""""","3343.000000"""""
Botswana,Sorghum,2005,"10000.000000""""","18316.000000"""""
Botswana,Sorghum,2006,"52000.000000""""","5024.000000"""""
Botswana,Sorghum,2007,"26683.000000""""","9979.000000"""""
Botswana,Sorghum,2008,"42914.000000""""","5507.000000"""""
Botswana,Sorghum,2009,"58661.000000""""","5042.000000"""""
Botswana,Sorghum,2010,"57475.000000""""","5701.000000"""""
Botswana,Sorghum,2011,"48719.000000""""","6690.000000"""""
Botswana,Sorghum,2012,"35434.000000""""","6779.000000"""""
Botswana,Sorghum,2013,"32295.000000""""","3168.000000"""""
Botswana,Sorghum,2014,"50198.000000""""","2851.000000"""""
Botswana,Sorghum,2015,"25863.000000""""","13729.000000"""""
Botswana,Sorghum,2016,"31255.000000""""","7444.000000"""""
Botswana,Sorghum,2017,"16512.000000""""","3619.000000"""""
Botswana,Sorghum,2018,"55477.000000""""","8764.000000"""""
Botswana,Sorghum,2019,"28674.000000""""","12541.000000"""""
Botswana,Spinach,1961,0,0
Botswana,Spinach,1962,0,0
Botswana,Spinach,1963,0,0
Botswana,Spinach,1964,0,0
Botswana,Spinach,1965,0,0
Botswana,Spinach,1966,0,0
Botswana,Spinach,1967,0,0
Botswana,Spinach,1968,0,0
Botswana,Spinach,1969,0,0
Botswana,Spinach,1970,0,0
Botswana,Spinach,1971,0,0
Botswana,Spinach,1972,0,0
Botswana,Spinach,1973,0,0
Botswana,Spinach,1974,0,0
Botswana,Spinach,1975,0,0
Botswana,Spinach,1976,0,0
Botswana,Spinach,1977,0,0
Botswana,Spinach,1978,0,0
Botswana,Spinach,1979,0,0
Botswana,Spinach,1980,0,0
Botswana,Spinach,1981,0,0
Botswana,Spinach,1982,0,0
Botswana,Spinach,1983,0,0
Botswana,Spinach,1984,0,0
Botswana,Spinach,1985,0,0
Botswana,Spinach,1986,0,0
Botswana,Spinach,1987,0,0
Botswana,Spinach,1988,0,0
Botswana,Spinach,1989,0,0
Botswana,Spinach,1990,0,0
Botswana,Spinach,1991,0,0
Botswana,Spinach,1992,0,0
Botswana,Spinach,1993,0,0
Botswana,Spinach,1994,0,0
Botswana,Spinach,1995,0,0
Botswana,Spinach,1996,0,0
Botswana,Spinach,1997,0,0
Botswana,Spinach,1998,0,0
Botswana,Spinach,1999,0,0
Botswana,Spinach,2000,0,0
Botswana,Spinach,2001,0,0
Botswana,Spinach,2002,0,0
Botswana,Spinach,2003,0,0
Botswana,Spinach,2004,0,0
Botswana,Spinach,2005,0,0
Botswana,Spinach,2006,0,0
Botswana,Spinach,2007,0,0
Botswana,Spinach,2008,0,0
Botswana,Spinach,2009,0,0
Botswana,Spinach,2010,0,0
Botswana,Spinach,2011,0,0
Botswana,Spinach,2012,0,0
Botswana,Spinach,2013,0,0
Botswana,Spinach,2014,0,0
Botswana,Spinach,2015,"12.000000""""","255833.000000"""""
Botswana,Spinach,2016,"10.000000""""","220000.000000"""""
Botswana,Spinach,2017,"49.000000""""","105714.000000"""""
Botswana,Spinach,2018,"52.000000""""","125000.000000"""""
Botswana,Spinach,2019,"63.000000""""","141270.000000"""""
Botswana,Sunflower seed,1961,0,0
Botswana,Sunflower seed,1962,0,0
Botswana,Sunflower seed,1963,0,0
Botswana,Sunflower seed,1964,0,0
Botswana,Sunflower seed,1965,0,0
Botswana,Sunflower seed,1966,"1300.000000""""","769.000000"""""
Botswana,Sunflower seed,1967,"1300.000000""""","1538.000000"""""
Botswana,Sunflower seed,1968,"1400.000000""""","1429.000000"""""
Botswana,Sunflower seed,1969,"1400.000000""""","1786.000000"""""
Botswana,Sunflower seed,1970,"1400.000000""""","1786.000000"""""
Botswana,Sunflower seed,1971,"1500.000000""""","1667.000000"""""
Botswana,Sunflower seed,1972,"1500.000000""""","2000.000000"""""
Botswana,Sunflower seed,1973,"1500.000000""""","2000.000000"""""
Botswana,Sunflower seed,1974,"300.000000""""","10000.000000"""""
Botswana,Sunflower seed,1975,"2000.000000""""","2000.000000"""""
Botswana,Sunflower seed,1976,"2500.000000""""","2000.000000"""""
Botswana,Sunflower seed,1977,"5000.000000""""","2200.000000"""""
Botswana,Sunflower seed,1978,"6000.000000""""","2000.000000"""""
Botswana,Sunflower seed,1979,"5100.000000""""","1765.000000"""""
Botswana,Sunflower seed,1980,"6700.000000""""","2090.000000"""""
Botswana,Sunflower seed,1981,"2900.000000""""","4103.000000"""""
Botswana,Sunflower seed,1982,"1940.000000""""","3371.000000"""""
Botswana,Sunflower seed,1983,"500.000000""""","3340.000000"""""
Botswana,Sunflower seed,1984,"1300.000000""""","3000.000000"""""
Botswana,Sunflower seed,1985,"600.000000""""","8333.000000"""""
Botswana,Sunflower seed,1986,"400.000000""""","5000.000000"""""
Botswana,Sunflower seed,1987,"600.000000""""","1667.000000"""""
Botswana,Sunflower seed,1988,"600.000000""""","3333.000000"""""
Botswana,Sunflower seed,1989,"500.000000""""","4000.000000"""""
Botswana,Sunflower seed,1990,"500.000000""""","4800.000000"""""
Botswana,Sunflower seed,1991,"600.000000""""","6667.000000"""""
Botswana,Sunflower seed,1992,"500.000000""""","10000.000000"""""
Botswana,Sunflower seed,1993,"1000.000000""""","7000.000000"""""
Botswana,Sunflower seed,1994,"991.000000""""","9082.000000"""""
Botswana,Sunflower seed,1995,"991.000000""""","9707.000000"""""
Botswana,Sunflower seed,1996,"3000.000000""""","12983.000000"""""
Botswana,Sunflower seed,1997,"4000.000000""""","11250.000000"""""
Botswana,Sunflower seed,1998,"5500.000000""""","10909.000000"""""
Botswana,Sunflower seed,1999,"6000.000000""""","10833.000000"""""
Botswana,Sunflower seed,2000,"4400.000000""""","10227.000000"""""
Botswana,Sunflower seed,2001,"6200.000000""""","10323.000000"""""
Botswana,Sunflower seed,2002,"6352.000000""""","10390.000000"""""
Botswana,Sunflower seed,2003,"6000.000000""""","11667.000000"""""
Botswana,Sunflower seed,2004,"6200.000000""""","10645.000000"""""
Botswana,Sunflower seed,2005,"6426.000000""""","10893.000000"""""
Botswana,Sunflower seed,2006,"4240.000000""""","11375.000000"""""
Botswana,Sunflower seed,2007,"1533.000000""""","16686.000000"""""
Botswana,Sunflower seed,2008,"8424.000000""""","9663.000000"""""
Botswana,Sunflower seed,2009,"2853.000000""""","6183.000000"""""
Botswana,Sunflower seed,2010,"5624.000000""""","8816.000000"""""
Botswana,Sunflower seed,2011,"13821.000000""""","11459.000000"""""
Botswana,Sunflower seed,2012,"4918.000000""""","12200.000000"""""
Botswana,Sunflower seed,2013,"3163.000000""""","6390.000000"""""
Botswana,Sunflower seed,2014,"1272.000000""""","2838.000000"""""
Botswana,Sunflower seed,2015,"1620.000000""""","8568.000000"""""
Botswana,Sunflower seed,2016,"2727.000000""""","6109.000000"""""
Botswana,Sunflower seed,2017,"295.000000""""","2644.000000"""""
Botswana,Sunflower seed,2018,"1650.000000""""","5006.000000"""""
Botswana,Sunflower seed,2019,"447.000000""""","1298.000000"""""
Botswana,Sweet potatoes,1961,0,0
Botswana,Sweet potatoes,1962,0,0
Botswana,Sweet potatoes,1963,0,0
Botswana,Sweet potatoes,1964,0,0
Botswana,Sweet potatoes,1965,0,0
Botswana,Sweet potatoes,1966,0,0
Botswana,Sweet potatoes,1967,0,0
Botswana,Sweet potatoes,1968,0,0
Botswana,Sweet potatoes,1969,0,0
Botswana,Sweet potatoes,1970,0,0
Botswana,Sweet potatoes,1971,0,0
Botswana,Sweet potatoes,1972,0,0
Botswana,Sweet potatoes,1973,0,0
Botswana,Sweet potatoes,1974,0,0
Botswana,Sweet potatoes,1975,0,0
Botswana,Sweet potatoes,1976,0,0
Botswana,Sweet potatoes,1977,0,0
Botswana,Sweet potatoes,1978,0,0
Botswana,Sweet potatoes,1979,0,0
Botswana,Sweet potatoes,1980,0,0
Botswana,Sweet potatoes,1981,0,0
Botswana,Sweet potatoes,1982,0,0
Botswana,Sweet potatoes,1983,0,0
Botswana,Sweet potatoes,1984,0,0
Botswana,Sweet potatoes,1985,0,0
Botswana,Sweet potatoes,1986,0,0
Botswana,Sweet potatoes,1987,0,0
Botswana,Sweet potatoes,1988,0,0
Botswana,Sweet potatoes,1989,0,0
Botswana,Sweet potatoes,1990,0,0
Botswana,Sweet potatoes,1991,0,0
Botswana,Sweet potatoes,1992,0,0
Botswana,Sweet potatoes,1993,0,0
Botswana,Sweet potatoes,1994,0,0
Botswana,Sweet potatoes,1995,0,0
Botswana,Sweet potatoes,1996,0,0
Botswana,Sweet potatoes,1997,0,0
Botswana,Sweet potatoes,1998,0,0
Botswana,Sweet potatoes,1999,0,0
Botswana,Sweet potatoes,2000,0,0
Botswana,Sweet potatoes,2001,0,0
Botswana,Sweet potatoes,2002,0,0
Botswana,Sweet potatoes,2003,0,0
Botswana,Sweet potatoes,2004,0,0
Botswana,Sweet potatoes,2005,0,0
Botswana,Sweet potatoes,2006,0,0
Botswana,Sweet potatoes,2007,0,0
Botswana,Sweet potatoes,2008,0,0
Botswana,Sweet potatoes,2009,0,0
Botswana,Sweet potatoes,2010,0,0
Botswana,Sweet potatoes,2011,0,0
Botswana,Sweet potatoes,2012,0,0
Botswana,Sweet potatoes,2013,0,0
Botswana,Sweet potatoes,2014,0,0
Botswana,Sweet potatoes,2015,0,0
Botswana,Sweet potatoes,2016,0,0
Botswana,Sweet potatoes,2017,0,0
Botswana,Sweet potatoes,2018,"70.000000""""","114286.000000"""""
Botswana,Sweet potatoes,2019,"300.000000""""","100000.000000"""""
Botswana,Tomatoes,1961,0,0
Botswana,Tomatoes,1962,0,0
Botswana,Tomatoes,1963,0,0
Botswana,Tomatoes,1964,0,0
Botswana,Tomatoes,1965,0,0
Botswana,Tomatoes,1966,0,0
Botswana,Tomatoes,1967,0,0
Botswana,Tomatoes,1968,0,0
Botswana,Tomatoes,1969,0,0
Botswana,Tomatoes,1970,0,0
Botswana,Tomatoes,1971,0,0
Botswana,Tomatoes,1972,0,0
Botswana,Tomatoes,1973,0,0
Botswana,Tomatoes,1974,0,0
Botswana,Tomatoes,1975,0,0
Botswana,Tomatoes,1976,0,0
Botswana,Tomatoes,1977,0,0
Botswana,Tomatoes,1978,0,0
Botswana,Tomatoes,1979,0,0
Botswana,Tomatoes,1980,0,0
Botswana,Tomatoes,1981,0,0
Botswana,Tomatoes,1982,0,0
Botswana,Tomatoes,1983,0,0
Botswana,Tomatoes,1984,0,0
Botswana,Tomatoes,1985,0,0
Botswana,Tomatoes,1986,0,0
Botswana,Tomatoes,1987,0,0
Botswana,Tomatoes,1988,0,0
Botswana,Tomatoes,1989,0,0
Botswana,Tomatoes,1990,0,0
Botswana,Tomatoes,1991,0,0
Botswana,Tomatoes,1992,0,0
Botswana,Tomatoes,1993,0,0
Botswana,Tomatoes,1994,0,0
Botswana,Tomatoes,1995,0,0
Botswana,Tomatoes,1996,0,0
Botswana,Tomatoes,1997,0,0
Botswana,Tomatoes,1998,0,0
Botswana,Tomatoes,1999,0,0
Botswana,Tomatoes,2000,0,0
Botswana,Tomatoes,2001,0,0
Botswana,Tomatoes,2002,0,0
Botswana,Tomatoes,2003,0,0
Botswana,Tomatoes,2004,0,0
Botswana,Tomatoes,2005,0,0
Botswana,Tomatoes,2006,0,0
Botswana,Tomatoes,2007,0,0
Botswana,Tomatoes,2008,0,0
Botswana,Tomatoes,2009,0,0
Botswana,Tomatoes,2010,0,0
Botswana,Tomatoes,2011,0,0
Botswana,Tomatoes,2012,0,0
Botswana,Tomatoes,2013,0,0
Botswana,Tomatoes,2014,0,0
Botswana,Tomatoes,2015,"97.000000""""","569897.000000"""""
Botswana,Tomatoes,2016,"120.000000""""","500000.000000"""""
Botswana,Tomatoes,2017,"578.000000""""","134792.000000"""""
Botswana,Tomatoes,2018,"207.000000""""","308696.000000"""""
Botswana,Tomatoes,2019,"667.000000""""","131409.000000"""""
Botswana,Vegetables Primary,1961,"1730.000000""""","51445.000000"""""
Botswana,Vegetables Primary,1962,"1790.000000""""","51397.000000"""""
Botswana,Vegetables Primary,1963,"1840.000000""""","51087.000000"""""
Botswana,Vegetables Primary,1964,"1857.000000""""","52423.000000"""""
Botswana,Vegetables Primary,1965,"1949.000000""""","51534.000000"""""
Botswana,Vegetables Primary,1966,"2127.000000""""","51486.000000"""""
Botswana,Vegetables Primary,1967,"2068.000000""""","50459.000000"""""
Botswana,Vegetables Primary,1968,"2118.000000""""","51501.000000"""""
Botswana,Vegetables Primary,1969,"2213.000000""""","50768.000000"""""
Botswana,Vegetables Primary,1970,"2281.000000""""","51249.000000"""""
Botswana,Vegetables Primary,1971,"2380.000000""""","51891.000000"""""
Botswana,Vegetables Primary,1972,"2551.000000""""","48452.000000"""""
Botswana,Vegetables Primary,1973,"2660.000000""""","48346.000000"""""
Botswana,Vegetables Primary,1974,"2760.000000""""","48551.000000"""""
Botswana,Vegetables Primary,1975,"2810.000000""""","49822.000000"""""
Botswana,Vegetables Primary,1976,"2860.000000""""","50699.000000"""""
Botswana,Vegetables Primary,1977,"2860.000000""""","52448.000000"""""
Botswana,Vegetables Primary,1978,"2910.000000""""","54983.000000"""""
Botswana,Vegetables Primary,1979,"3060.000000""""","55556.000000"""""
Botswana,Vegetables Primary,1980,"2960.000000""""","54054.000000"""""
Botswana,Vegetables Primary,1981,"2960.000000""""","54054.000000"""""
Botswana,Vegetables Primary,1982,"2960.000000""""","54054.000000"""""
Botswana,Vegetables Primary,1983,"2960.000000""""","54054.000000"""""
Botswana,Vegetables Primary,1984,"2960.000000""""","54054.000000"""""
Botswana,Vegetables Primary,1985,"3060.000000""""","52288.000000"""""
Botswana,Vegetables Primary,1986,"3160.000000""""","53797.000000"""""
Botswana,Vegetables Primary,1987,"3060.000000""""","52288.000000"""""
Botswana,Vegetables Primary,1988,"2760.000000""""","50725.000000"""""
Botswana,Vegetables Primary,1989,"3160.000000""""","52215.000000"""""
Botswana,Vegetables Primary,1990,"3261.000000""""","52496.000000"""""
Botswana,Vegetables Primary,1991,"3367.000000""""","51705.000000"""""
Botswana,Vegetables Primary,1992,"3178.000000""""","48486.000000"""""
Botswana,Vegetables Primary,1993,"3459.000000""""","47271.000000"""""
Botswana,Vegetables Primary,1994,"3559.000000""""","47269.000000"""""
Botswana,Vegetables Primary,1995,"3359.000000""""","45847.000000"""""
Botswana,Vegetables Primary,1996,"3469.000000""""","49005.000000"""""
Botswana,Vegetables Primary,1997,"3363.000000""""","47279.000000"""""
Botswana,Vegetables Primary,1998,"3255.000000""""","45469.000000"""""
Botswana,Vegetables Primary,1999,"3360.000000""""","47321.000000"""""
Botswana,Vegetables Primary,2000,"3462.000000""""","48960.000000"""""
Botswana,Vegetables Primary,2001,"3490.000000""""","54456.000000"""""
Botswana,Vegetables Primary,2002,"3509.000000""""","56632.000000"""""
Botswana,Vegetables Primary,2003,"3542.000000""""","59003.000000"""""
Botswana,Vegetables Primary,2004,"3228.000000""""","64297.000000"""""
Botswana,Vegetables Primary,2005,"3344.000000""""","70778.000000"""""
Botswana,Vegetables Primary,2006,"3356.000000""""","71833.000000"""""
Botswana,Vegetables Primary,2007,"4131.000000""""","75616.000000"""""
Botswana,Vegetables Primary,2008,"4065.000000""""","79791.000000"""""
Botswana,Vegetables Primary,2009,"3708.000000""""","71831.000000"""""
Botswana,Vegetables Primary,2010,"3617.000000""""","112333.000000"""""
Botswana,Vegetables Primary,2011,"3666.000000""""","111806.000000"""""
Botswana,Vegetables Primary,2012,"3732.000000""""","109003.000000"""""
Botswana,Vegetables Primary,2013,"3773.000000""""","111193.000000"""""
Botswana,Vegetables Primary,2014,"3853.000000""""","118715.000000"""""
Botswana,Vegetables Primary,2015,"4096.000000""""","156514.000000"""""
Botswana,Vegetables Primary,2016,"4096.000000""""","160271.000000"""""
Botswana,Vegetables Primary,2017,"5060.000000""""","155292.000000"""""
Botswana,Vegetables Primary,2018,"4768.000000""""","171174.000000"""""
Botswana,Vegetables Primary,2019,"5297.000000""""","164338.000000"""""
Botswana,Watermelons,1961,0,0
Botswana,Watermelons,1962,0,0
Botswana,Watermelons,1963,0,0
Botswana,Watermelons,1964,0,0
Botswana,Watermelons,1965,0,0
Botswana,Watermelons,1966,0,0
Botswana,Watermelons,1967,0,0
Botswana,Watermelons,1968,0,0
Botswana,Watermelons,1969,0,0
Botswana,Watermelons,1970,0,0
Botswana,Watermelons,1971,0,0
Botswana,Watermelons,1972,0,0
Botswana,Watermelons,1973,0,0
Botswana,Watermelons,1974,0,0
Botswana,Watermelons,1975,0,0
Botswana,Watermelons,1976,0,0
Botswana,Watermelons,1977,0,0
Botswana,Watermelons,1978,0,0
Botswana,Watermelons,1979,0,0
Botswana,Watermelons,1980,0,0
Botswana,Watermelons,1981,0,0
Botswana,Watermelons,1982,0,0
Botswana,Watermelons,1983,0,0
Botswana,Watermelons,1984,0,0
Botswana,Watermelons,1985,0,0
Botswana,Watermelons,1986,0,0
Botswana,Watermelons,1987,0,0
Botswana,Watermelons,1988,0,0
Botswana,Watermelons,1989,0,0
Botswana,Watermelons,1990,0,0
Botswana,Watermelons,1991,0,0
Botswana,Watermelons,1992,0,0
Botswana,Watermelons,1993,0,0
Botswana,Watermelons,1994,0,0
Botswana,Watermelons,1995,0,0
Botswana,Watermelons,1996,0,0
Botswana,Watermelons,1997,0,0
Botswana,Watermelons,1998,0,0
Botswana,Watermelons,1999,0,0
Botswana,Watermelons,2000,0,0
Botswana,Watermelons,2001,0,0
Botswana,Watermelons,2002,0,0
Botswana,Watermelons,2003,0,0
Botswana,Watermelons,2004,0,0
Botswana,Watermelons,2005,0,0
Botswana,Watermelons,2006,0,0
Botswana,Watermelons,2007,0,0
Botswana,Watermelons,2008,0,0
Botswana,Watermelons,2009,0,0
Botswana,Watermelons,2010,0,0
Botswana,Watermelons,2011,0,0
Botswana,Watermelons,2012,0,0
Botswana,Watermelons,2013,0,0
Botswana,Watermelons,2014,0,0
Botswana,Watermelons,2015,"45.000000""""","941111.000000"""""
Botswana,Watermelons,2016,"42.000000""""","1000000.000000"""""
Botswana,Watermelons,2017,"110.000000""""","1006182.000000"""""
Botswana,Watermelons,2018,"111.000000""""","997117.000000"""""
Botswana,Watermelons,2019,"130.000000""""","1283769.000000"""""
Botswana,Wheat,1961,"160.000000""""","25000.000000"""""
Botswana,Wheat,1962,"160.000000""""","25000.000000"""""
Botswana,Wheat,1963,"160.000000""""","25000.000000"""""
Botswana,Wheat,1964,"160.000000""""","25000.000000"""""
Botswana,Wheat,1965,"160.000000""""","25000.000000"""""
Botswana,Wheat,1966,"190.000000""""","23684.000000"""""
Botswana,Wheat,1967,"190.000000""""","23684.000000"""""
Botswana,Wheat,1968,"190.000000""""","23842.000000"""""
Botswana,Wheat,1969,"300.000000""""","22367.000000"""""
Botswana,Wheat,1970,"190.000000""""","18947.000000"""""
Botswana,Wheat,1971,"200.000000""""","25000.000000"""""
Botswana,Wheat,1972,"200.000000""""","25000.000000"""""
Botswana,Wheat,1973,"250.000000""""","20680.000000"""""
Botswana,Wheat,1974,"270.000000""""","20370.000000"""""
Botswana,Wheat,1975,"270.000000""""","20370.000000"""""
Botswana,Wheat,1976,"270.000000""""","21111.000000"""""
Botswana,Wheat,1977,"300.000000""""","20000.000000"""""
Botswana,Wheat,1978,"300.000000""""","20000.000000"""""
Botswana,Wheat,1979,"300.000000""""","20000.000000"""""
Botswana,Wheat,1980,"300.000000""""","20000.000000"""""
Botswana,Wheat,1981,"500.000000""""","20000.000000"""""
Botswana,Wheat,1982,"500.000000""""","20000.000000"""""
Botswana,Wheat,1983,"500.000000""""","20000.000000"""""
Botswana,Wheat,1984,"500.000000""""","20000.000000"""""
Botswana,Wheat,1985,"500.000000""""","20000.000000"""""
Botswana,Wheat,1986,"500.000000""""","20000.000000"""""
Botswana,Wheat,1987,"500.000000""""","20000.000000"""""
Botswana,Wheat,1988,"500.000000""""","20000.000000"""""
Botswana,Wheat,1989,"500.000000""""","20000.000000"""""
Botswana,Wheat,1990,"382.000000""""","26178.000000"""""
Botswana,Wheat,1991,"674.000000""""","22255.000000"""""
Botswana,Wheat,1992,"233.000000""""","21459.000000"""""
Botswana,Wheat,1993,"423.000000""""","20709.000000"""""
Botswana,Wheat,1994,"503.000000""""","19881.000000"""""
Botswana,Wheat,1995,"471.000000""""","19108.000000"""""
Botswana,Wheat,1996,"371.000000""""","18922.000000"""""
Botswana,Wheat,1997,"363.000000""""","17218.000000"""""
Botswana,Wheat,1998,"300.000000""""","16667.000000"""""
Botswana,Wheat,1999,"299.000000""""","16321.000000"""""
Botswana,Wheat,2000,"274.000000""""","15876.000000"""""
Botswana,Wheat,2001,"350.000000""""","15714.000000"""""
Botswana,Wheat,2002,"231.000000""""","14545.000000"""""
Botswana,Wheat,2003,"215.000000""""","13674.000000"""""
Botswana,Wheat,2004,"205.000000""""","12683.000000"""""
Botswana,Wheat,2005,"187.000000""""","11604.000000"""""
Botswana,Wheat,2006,"179.000000""""","10447.000000"""""
Botswana,Wheat,2007,"80.000000""""","9000.000000"""""
Botswana,Wheat,2008,"130.000000""""","8000.000000"""""
Botswana,Wheat,2009,"0.000000""""",0
Botswana,Wheat,2010,"0.000000""""",0
Botswana,Wheat,2011,"0.000000""""",0
Botswana,Wheat,2012,"0.000000""""",0
Botswana,Wheat,2013,"0.000000""""",0
Botswana,Wheat,2014,"0.000000""""",0
Botswana,Wheat,2015,"0.000000""""",0
Botswana,Wheat,2016,"0.000000""""",0
Botswana,Wheat,2017,"0.000000""""",0
Botswana,Wheat,2018,"910.000000""""","13319.000000"""""
Botswana,Wheat,2019,"620.000000""""","6081.000000"""""
